{"ProjectBreakpointSettingValue":"{\"Value\":{\"Processes/JobDivaProfileSearch.xaml\":[],\"Main.xaml\":[],\"Processes/Dice-Profile-Search.xaml\":[],\"Processes/Monster-Advance-Search.xaml\":[],\"Processes/Login-Process.xaml\":[],\"Processes/Repository_Process_Workflow.xaml\":[],\"Processes/Monster-Simple-Search.xaml\":[],\"Processes/MonsterSimpleProfileSearch.xaml\":[],\"Flowchart.xaml\":[],\"Processes/DB-Connection-Process.xaml\":[],\"Processes/JobDivaDataScrap.xaml\":[],\"Processes/CareerBuilderProfileSearch.xaml\":[]}}","ProjectBreakpoints":"{\"Value\":{}}","ProjectWatches":"{\"Value\":[]}","OpenedDocuments":"[\"Main.xaml\"]","LibraryProjectSettings":"{\"IncludeSourcesByDefault\":true,\"DefaultActivitiesRootCategories\":[null]}"}