{
    "root": "source",
    "steps": {
        "source": {
            "type": {
                "filesystem": false, 
                "api": false,
                "s3": false,
                "athena": false,
                "redshift": false,
                "mysql": false,
                "email": true
            },
            "properties": {
                "filesystem": {
                    "publisher_name": "shakti",
                    "input_file_pattern": "abc_*.EXT",
                    "input_directory": "/mnt/input/",
                    "merge": true,
                    "delete": true
                },
                "api": {
                    "publisher_name": "shakti",
                    "auth_type": "basic/token",
                    "url": "http://google.com",
                    "creds": "username:password",
                    "token": {
                        "url": "http://google.com"
                    }
                },
                "s3": {
                    "publisher_name": "shakti",
                    "bucket_name": "avng-app-engg",
                    "inputFilePath": "shakti/Files"
                },
                "athena": {},
                "redshift": {},
                "mysql": {
                    "publisher_name": "shakti",
                    "host":"localhost",
                    "port":3306,
                    "user":"root",
                    "passwd":"root",
                    "database":"ETLServiceLoader"
                },
                "email": {
                    "publisher_name": "shakti",
                    "username":"shaktig5544@gmail.com",
                    "password":"Bangalore@2020",
                    "host":"localhost",
                    "port":"465",
                    "smtp_host":"imap.gmail.com",
                    "sender":"shakti g"
                }
            },
            "next": "process"
        },
        "process": {
            "properties": {
                "ProcessFilePath": "shakti/process_Files/",
                "publisherName": "shakti",
                "input_file_pattern": "abc_*.EXT",
                "input_file_extension": "EXT",
                "max_line_count": 1000,
                "is_header_present": true,
                "delimiter":"^",
                "merge": true,
                "delete": true,
                "output_file_extension": ".EXT"
            }, 
            "next": "formatter"
        },
        "formatter": {
            "next": "destination"
        },
        "destination": {
            "type": {
                "filesystem": false,
                "api": false,
                "s3": false,
                "athena": false,
                "redshift": false,
                "mysql": false,
                "email": true
            },
            "properties": {
                "filesystem": {
                    "publisher_name": "shakti",
                    "input_file_pattern": "abc_*.EXT",
                    "input_directory": "/mnt/input/",
                    "merge": true,
                    "delete": true
                },
                "api": {
                    "publisher_name": "shakti",
                    "auth_type": "basic/token",
                    "url": "http://google.com",
                    "creds": "username:password",
                    "token": {
                        "url": "http://google.com"
                    }
                },
                "s3": {
                    "publisher_name": "shakti",
                    "bucket_name": "avng-app-engg",
                    "OutputFilePath": "shakti/Output_Files/",
                    "output_file_extension": ".EXT"
                },
                "athena": {},
                "redshift": {},
                "mysql": {
                    "publisher_name": "shakti",
                    "host":"localhost",
                    "port":3306,
                    "user":"root",
                    "passwd":"root",
                    "database":"ETLServiceLoader"
                },
                "email": {
                    "publisher_name": "shakti",
                    "username":"shaktig5544@gmail.com",
                    "password":"Bangalore@2020",
                    "host":"localhost",
                    "port":"465",
                    "smtp_host":"smtp.gmail.com",
                    "receiver":"shakti g",
                    "receiver_mail":["shaktig5544@gmail.com", "shakti@enwidth.com"]
                }
            },
            "next": "end-process"
        }
    }
}