{
"Request":{
  "ad_tag": "",
  "ad_url_path": "https://avng-app-engg.s3.amazonaws.com/demand_quality/300*250_9.html",
  "ad_snapshot": 1,
  "malware": 1,
  "phishing": 1,
  "bdomain": 1,
  "landing_page": 1,
  "autoredirect": 1,
  "ad_onload_har": 1,
  "ad_onload_har_pixel_domains": 1,
  "ad_onload_har_request_header_replace": 1,
  "ad_onload_har_request_header_replace_list": {
    "domain": [
      "s0.2mdn.net",
      "tpc.googlesyndication.com",
      "googleads4.g.doubleclick.net"
    ],
    "headerInfo": "Not-Fit-To-Display"
  },
  "ad_onload_har_block_domain_url": 1,
  "latency": 1
},
"Response":{
  "ad_snapshot": "",
  "ad_har_file": "",
  "malwares": 0,
  "malware_uris": [],
  "phishing": 0,
  "phishing_uris": [],
  "phishingIps": [],
  "bdomain": 0,
  "bdomain_uris": [],
  "request_id": "93e4c440-05eb-36b8-aa36-0ffe3c8ace19",
  "landing_snapshot": "",
  "landing_har": "",
  "autoredirect": "",
  "autoredirect_url": "",
  "ad_onload_har_pixel_domains": [],
  "status": "",
  "latency": 1532,
  "ad_loading_latency": 0,
  "click": "",
  "har": "",
  "logging": {
    "interceptUrls": 3,
    "clickOnAdAndDownloadHar": {}
  }
}
}