﻿Issued,Title,Company,H.Manager,Location,Status,Ref #,JobDiva #,Harvest,Prty,Start Date,"Users
SHOW ONLY PRIMARY"
02/12/2020,Global Event Keynote Coordinator,Servicenow,N. Rodriguez,"Santa Cl,CA",OPEN,9863549,20-00258,On Schedule,,02/12/2020,(R)C. Singh  (R)P. Bajoria  (PS)M. Gupta  (PR)M. Pandey
02/12/2020,Customer Support Communications Representative,Servicenow,N. Rodriguez,"San Dieg,CA",OPEN,20-00257,20-00257,On Schedule,,02/12/2020,(R)C. Singh  (R)P. Bajoria  (PS)M. Gupta  (PR)S. Arora
02/12/2020,Engineer-Network III(US),CISCO,K. HardyMSP,"San Fran,CA",OPEN,CSCOJP00071905,20-00255,On Schedule,,02/24/2020,(R)M. Tewari  (PS)(PR)N. Gollapalli  (R)C. Singh  (R)K. Gupta
02/12/2020,Senior Staff Lab Test Automation Engineer,Huawei,R. Irvine,"Greensbo,NC",OPEN,825223,20-00254,On Schedule,,03/02/2020,(R)M. Sharma  (PR)A. Kriti  (R)C. Singh
02/12/2020,Senior Staff Lab Test Automation Engineer,Huawei,N. Hollenbeck,"Rolling ,IL",OPEN,825216,20-00253,On Schedule,,03/02/2020,(PR)M. Sharma  (R)A. Kriti  (R)C. Singh
02/12/2020,Site Reliability Engineer,Williams-Sonoma Inc.,W. Manager,"San Fran,CA",OPEN,20-00250,20-00250,On Schedule,,02/12/2020,(S)N. Malhotra  A. Dixit  (PS)P. Sharda  (PR)D. Bhanu  (R)C. Singh
02/12/2020,Automation Test Engineers,Rivian,P. Sharda,"san jose,CA",OPEN,20-00249,20-00249,On Schedule,,02/12/2020,(R)N. Malhotra  (PR)A. Dixit  (PS)P. Sharda  (R)R. Bobbili  (R)D. Bhanu  (R)A. Dua  (R)C. Singh  (R)R. Bhati  (R)B. Singh  (R)R. Singh
02/12/2020,"Senior Staff Engineer, Layout Design",Huawei,N. Hollenbeck,"Rolling ,IL",OPEN,825184,20-00248,On Schedule,,03/02/2020,(PR)M. Sharma  (R)A. Kriti  (R)C. Singh
02/11/2020,Technical Writer - Senior,Yoh/Sony,N. leddo,"San Dieg,CA",OPEN,9838179,20-00244,On Schedule,,02/17/2020,(R)C. Singh  (PS)M. Gupta  (R)V. Saxena  (PR)A. KC  (R)R. Singh
02/11/2020,Android Developer,Walmart,H. Manager,"Sunnyval,CA",OPEN,WECJP00014021,20-00242,On Schedule,,02/10/2020,(R)R. Bhandari  (R)H. Purohit  (R)J. Thoudam  (PS)A. Raina  (PR)S. Ramai  (R)C. Singh
02/11/2020,Program Manager,Walmart,H. Manager,"San Brun,CA",OPEN,WECJP00014005,20-00241,On Schedule,,02/24/2020,(R)R. Bhandari  (R)H. Purohit  (R)J. Thoudam  (PS)A. Raina  (R)G. Lal  (PR)D. Mehra  (R)C. Singh
02/11/2020,Data Engineer,Walmart,H. Manager,"Sunnyval,CA",OPEN,WECJP00014012,20-00240,On Schedule,,02/10/2020,(R)R. Bhandari  (R)H. Purohit  (R)J. Thoudam  (PS)A. Raina  (PR)A. Adhikari  (R)Z. Soni  (R)C. Singh
02/11/2020,Frontend Full Stack Engineer,Walmart,H. Manager,"Sunnyval,CA",OPEN,WECJP00014020,20-00239,On Schedule,,02/10/2020,(R)R. Bhandari  (R)H. Purohit  (R)J. Thoudam  (PS)A. Raina  (R)A. Adhikari  (PR)N. Taneja  (R)C. Singh
02/11/2020,Administrative Support - Mid Level,Yoh/Sony Electronics,H. Manager,"San Dieg,CA",OPEN,9849737,20-00238,Missing Criteria,,02/17/2020,(S)(R)C. Singh  (PS)M. Gupta  (PR)V. Saxena
02/11/2020,Software Engineer - Senior Level,Yoh/Sony Electronics,H. Manager,"San Dieg,CA",OPEN,9849764,20-00237,On Schedule,,02/17/2020,(S)(R)C. Singh  (PS)M. Gupta  (PR)A. KC
02/11/2020,Software Engineer in Test II-USD,Expedia,e. PMO,"Seattle,WA",OPEN,EXPJP00004793,20-00236,On Schedule,,02/08/2020,(R)A. Biswas  (R)H. Gupta  (R)A. Jaswal  (R)A. Awasthi  (PS)(PR)N. Gollapalli  (R)C. Singh  (R)T. Mangal
